,precision,recall,f1-score,support
0,0.8205128205128205,0.6666666666666666,0.735632183908046,48.0
1,0.8476190476190476,0.9270833333333334,0.8855721393034826,96.0
accuracy,0.8402777777777778,0.8402777777777778,0.8402777777777778,0.8402777777777778
macro avg,0.834065934065934,0.796875,0.8106021616057643,144.0
weighted avg,0.8385836385836386,0.8402777777777778,0.8355921541716704,144.0
